certificate_id,trainset_id,certificate_type,valid_from,valid_to,status,issued_by_department,remarks
1,1,rolling_stock,15-04-2025,06-10-2025,valid,Rolling Stock Dept,Check Required
2,1,signalling,28-08-2025,22-04-2026,valid,Telecom Dept,OK
3,1,telecom,19-09-2025,17-02-2026,valid,Telecom Dept,OK
4,2,rolling_stock,17-07-2025,25-05-2026,expired,Rolling Stock Dept,Urgent Renewal
5,2,signalling,25-07-2025,28-02-2026,valid,Signalling Dept,Check Required
6,2,telecom,30-07-2025,09-05-2026,expired,Telecom Dept,Urgent Renewal
7,3,rolling_stock,21-08-2025,16-07-2026,pending renewal,Signalling Dept,Urgent Renewal
8,3,signalling,30-08-2025,08-09-2026,valid,Telecom Dept,OK
9,3,telecom,05-04-2025,11-06-2026,expired,Rolling Stock Dept,Urgent Renewal
10,4,rolling_stock,09-05-2025,23-12-2025,pending renewal,Signalling Dept,Check Required
11,4,signalling,03-09-2025,10-01-2026,pending renewal,Signalling Dept,Urgent Renewal
12,4,telecom,27-04-2025,05-03-2026,pending renewal,Signalling Dept,Urgent Renewal
13,5,rolling_stock,09-06-2025,24-01-2026,expired,Telecom Dept,OK
14,5,signalling,17-09-2025,03-11-2025,valid,Telecom Dept,Check Required
15,5,telecom,18-09-2025,28-07-2026,valid,Telecom Dept,Urgent Renewal
16,6,rolling_stock,02-09-2025,09-07-2026,expired,Rolling Stock Dept,OK
17,6,signalling,01-08-2025,05-11-2025,valid,Telecom Dept,Urgent Renewal
18,6,telecom,28-07-2025,14-03-2026,expired,Rolling Stock Dept,Check Required
19,7,rolling_stock,19-05-2025,03-11-2025,valid,Signalling Dept,Urgent Renewal
20,7,signalling,24-04-2025,30-10-2025,pending renewal,Signalling Dept,Urgent Renewal
21,7,telecom,19-09-2025,31-07-2026,valid,Rolling Stock Dept,OK
22,8,rolling_stock,05-05-2025,06-06-2026,expired,Telecom Dept,Urgent Renewal
23,8,signalling,06-08-2025,19-06-2026,expired,Rolling Stock Dept,OK
24,8,telecom,12-04-2025,03-07-2026,pending renewal,Signalling Dept,Check Required
25,9,rolling_stock,30-03-2025,24-12-2025,expired,Signalling Dept,Urgent Renewal
26,9,signalling,09-05-2025,03-11-2025,valid,Rolling Stock Dept,Check Required
27,9,telecom,10-06-2025,22-06-2026,valid,Telecom Dept,Check Required
28,10,rolling_stock,31-07-2025,15-11-2025,pending renewal,Telecom Dept,Urgent Renewal
29,10,signalling,03-06-2025,08-01-2026,expired,Rolling Stock Dept,OK
30,10,telecom,28-04-2025,09-11-2025,pending renewal,Rolling Stock Dept,Check Required
31,11,rolling_stock,16-07-2025,05-08-2026,valid,Telecom Dept,Check Required
32,11,signalling,24-09-2025,08-11-2025,pending renewal,Signalling Dept,Urgent Renewal
33,11,telecom,16-08-2025,15-09-2026,expired,Rolling Stock Dept,Urgent Renewal
34,12,rolling_stock,31-03-2025,02-02-2026,pending renewal,Telecom Dept,Urgent Renewal
35,12,signalling,09-06-2025,29-04-2026,expired,Telecom Dept,Urgent Renewal
36,12,telecom,30-06-2025,05-12-2025,expired,Signalling Dept,Urgent Renewal
37,13,rolling_stock,16-07-2025,23-07-2026,valid,Signalling Dept,Urgent Renewal
38,13,signalling,17-08-2025,08-02-2026,valid,Signalling Dept,OK
39,13,telecom,01-08-2025,28-07-2026,valid,Signalling Dept,Check Required
40,14,rolling_stock,01-07-2025,05-08-2026,expired,Signalling Dept,OK
41,14,signalling,30-08-2025,25-10-2025,pending renewal,Rolling Stock Dept,OK
42,14,telecom,02-09-2025,18-08-2026,expired,Telecom Dept,Urgent Renewal
43,15,rolling_stock,20-06-2025,15-11-2025,valid,Rolling Stock Dept,Check Required
44,15,signalling,01-09-2025,07-05-2026,valid,Rolling Stock Dept,OK
45,15,telecom,26-06-2025,06-09-2026,pending renewal,Rolling Stock Dept,Urgent Renewal
46,16,rolling_stock,29-06-2025,30-07-2026,valid,Rolling Stock Dept,Urgent Renewal
47,16,signalling,24-04-2025,21-07-2026,valid,Rolling Stock Dept,Check Required
48,16,telecom,20-07-2025,29-06-2026,valid,Signalling Dept,OK
49,17,rolling_stock,14-09-2025,15-03-2026,pending renewal,Signalling Dept,OK
50,17,signalling,31-05-2025,15-02-2026,expired,Telecom Dept,OK
51,17,telecom,11-05-2025,17-01-2026,valid,Rolling Stock Dept,Urgent Renewal
52,18,rolling_stock,25-08-2025,12-09-2026,pending renewal,Telecom Dept,Check Required
53,18,signalling,21-06-2025,14-03-2026,valid,Signalling Dept,Check Required
54,18,telecom,05-09-2025,04-02-2026,pending renewal,Signalling Dept,OK
55,19,rolling_stock,07-05-2025,17-02-2026,valid,Signalling Dept,Urgent Renewal
56,19,signalling,12-07-2025,25-04-2026,pending renewal,Rolling Stock Dept,OK
57,19,telecom,18-04-2025,11-12-2025,valid,Rolling Stock Dept,Check Required
58,20,rolling_stock,20-04-2025,13-09-2026,expired,Signalling Dept,Urgent Renewal
59,20,signalling,25-06-2025,31-08-2026,valid,Telecom Dept,OK
60,20,telecom,01-05-2025,07-03-2026,pending renewal,Telecom Dept,OK
61,21,rolling_stock,07-08-2025,27-05-2026,valid,Signalling Dept,Urgent Renewal
62,21,signalling,29-03-2025,15-03-2026,expired,Telecom Dept,Check Required
63,21,telecom,08-09-2025,11-11-2025,valid,Signalling Dept,Urgent Renewal
64,22,rolling_stock,14-09-2025,09-10-2025,pending renewal,Telecom Dept,OK
65,22,signalling,09-04-2025,27-05-2026,pending renewal,Signalling Dept,OK
66,22,telecom,29-07-2025,19-08-2026,expired,Telecom Dept,OK
67,23,rolling_stock,13-07-2025,20-07-2026,pending renewal,Rolling Stock Dept,OK
68,23,signalling,05-09-2025,25-11-2025,valid,Signalling Dept,Check Required
69,23,telecom,28-07-2025,11-11-2025,valid,Signalling Dept,Check Required
70,24,rolling_stock,31-08-2025,07-07-2026,valid,Telecom Dept,OK
71,24,signalling,20-06-2025,22-01-2026,pending renewal,Signalling Dept,Check Required
72,24,telecom,16-07-2025,21-06-2026,valid,Signalling Dept,Check Required
73,25,rolling_stock,01-06-2025,17-02-2026,valid,Signalling Dept,Check Required
74,25,signalling,16-04-2025,11-12-2025,valid,Rolling Stock Dept,OK
75,25,telecom,24-06-2025,01-04-2026,expired,Rolling Stock Dept,Urgent Renewal
76,26,rolling_stock,15-08-2025,09-11-2025,pending renewal,Telecom Dept,Urgent Renewal
77,26,signalling,23-06-2025,07-02-2026,pending renewal,Rolling Stock Dept,Urgent Renewal
78,26,telecom,27-06-2025,12-04-2026,pending renewal,Telecom Dept,OK
79,27,rolling_stock,03-08-2025,27-02-2026,expired,Rolling Stock Dept,Check Required
80,27,signalling,07-04-2025,24-12-2025,pending renewal,Telecom Dept,Check Required
81,27,telecom,19-07-2025,17-05-2026,expired,Rolling Stock Dept,OK
82,28,rolling_stock,30-03-2025,10-07-2026,expired,Rolling Stock Dept,OK
83,28,signalling,04-04-2025,08-03-2026,pending renewal,Telecom Dept,Urgent Renewal
84,28,telecom,13-04-2025,14-08-2026,valid,Signalling Dept,Urgent Renewal
85,29,rolling_stock,07-09-2025,04-09-2026,valid,Signalling Dept,OK
86,29,signalling,23-04-2025,02-07-2026,pending renewal,Rolling Stock Dept,Urgent Renewal
87,29,telecom,16-04-2025,09-10-2025,pending renewal,Telecom Dept,Check Required
88,30,rolling_stock,13-08-2025,11-09-2026,expired,Signalling Dept,OK
89,30,signalling,12-05-2025,15-07-2026,pending renewal,Telecom Dept,OK
90,30,telecom,25-07-2025,07-03-2026,expired,Signalling Dept,Check Required
91,31,rolling_stock,15-08-2025,09-09-2026,pending renewal,Telecom Dept,Check Required
92,31,signalling,30-05-2025,27-11-2025,valid,Rolling Stock Dept,Check Required
93,31,telecom,20-06-2025,12-12-2025,valid,Telecom Dept,Urgent Renewal
94,32,rolling_stock,18-07-2025,17-02-2026,pending renewal,Signalling Dept,OK
95,32,signalling,15-04-2025,03-12-2025,expired,Rolling Stock Dept,Urgent Renewal
96,32,telecom,02-04-2025,28-11-2025,valid,Telecom Dept,Check Required
97,33,rolling_stock,06-05-2025,15-07-2026,expired,Signalling Dept,Urgent Renewal
98,33,signalling,31-07-2025,23-12-2025,pending renewal,Rolling Stock Dept,Check Required
99,33,telecom,03-04-2025,21-02-2026,pending renewal,Telecom Dept,Urgent Renewal
100,34,rolling_stock,04-07-2025,26-02-2026,valid,Signalling Dept,Urgent Renewal
101,34,signalling,11-09-2025,10-08-2026,pending renewal,Telecom Dept,Check Required
102,34,telecom,29-07-2025,20-01-2026,valid,Telecom Dept,Urgent Renewal
103,35,rolling_stock,17-09-2025,29-03-2026,expired,Rolling Stock Dept,OK
104,35,signalling,07-07-2025,17-01-2026,valid,Rolling Stock Dept,Urgent Renewal
105,35,telecom,15-06-2025,21-09-2026,valid,Signalling Dept,Urgent Renewal
106,36,rolling_stock,19-07-2025,25-08-2026,expired,Rolling Stock Dept,OK
107,36,signalling,09-09-2025,17-02-2026,valid,Signalling Dept,Check Required
108,36,telecom,02-08-2025,20-06-2026,valid,Telecom Dept,OK
109,37,rolling_stock,03-05-2025,12-06-2026,pending renewal,Telecom Dept,Urgent Renewal
110,37,signalling,07-07-2025,10-02-2026,expired,Signalling Dept,Check Required
111,37,telecom,02-08-2025,31-10-2025,valid,Telecom Dept,Urgent Renewal
112,38,rolling_stock,11-04-2025,21-11-2025,expired,Rolling Stock Dept,Urgent Renewal
113,38,signalling,21-05-2025,25-08-2026,expired,Telecom Dept,OK
114,38,telecom,16-06-2025,09-05-2026,valid,Rolling Stock Dept,OK
115,39,rolling_stock,14-04-2025,23-02-2026,pending renewal,Signalling Dept,Check Required
116,39,signalling,31-05-2025,27-10-2025,expired,Signalling Dept,Check Required
117,39,telecom,20-08-2025,06-10-2025,valid,Telecom Dept,Check Required
118,40,rolling_stock,20-07-2025,24-03-2026,expired,Telecom Dept,Urgent Renewal
119,40,signalling,21-08-2025,10-12-2025,pending renewal,Rolling Stock Dept,OK
120,40,telecom,24-07-2025,27-08-2026,pending renewal,Rolling Stock Dept,OK
121,41,rolling_stock,05-05-2025,16-02-2026,pending renewal,Telecom Dept,OK
122,41,signalling,11-05-2025,26-12-2025,valid,Telecom Dept,Check Required
123,41,telecom,20-07-2025,19-05-2026,valid,Signalling Dept,OK
124,42,rolling_stock,29-04-2025,14-07-2026,pending renewal,Signalling Dept,OK
125,42,signalling,08-06-2025,11-05-2026,valid,Signalling Dept,OK
126,42,telecom,29-04-2025,19-07-2026,pending renewal,Telecom Dept,Check Required
127,43,rolling_stock,15-06-2025,09-10-2025,valid,Telecom Dept,OK
128,43,signalling,25-06-2025,01-12-2025,pending renewal,Telecom Dept,Check Required
129,43,telecom,31-07-2025,12-11-2025,expired,Signalling Dept,OK
130,44,rolling_stock,21-08-2025,23-09-2026,pending renewal,Telecom Dept,OK
131,44,signalling,18-05-2025,20-12-2025,pending renewal,Rolling Stock Dept,OK
132,44,telecom,22-05-2025,11-07-2026,valid,Telecom Dept,Check Required
133,45,rolling_stock,02-09-2025,23-10-2025,valid,Telecom Dept,Check Required
134,45,signalling,13-09-2025,12-04-2026,valid,Telecom Dept,OK
135,45,telecom,28-08-2025,30-07-2026,valid,Telecom Dept,Urgent Renewal
136,46,rolling_stock,17-08-2025,14-07-2026,valid,Telecom Dept,Check Required
137,46,signalling,18-04-2025,19-12-2025,valid,Rolling Stock Dept,Check Required
138,46,telecom,16-08-2025,13-05-2026,expired,Rolling Stock Dept,OK
139,47,rolling_stock,04-04-2025,09-12-2025,pending renewal,Telecom Dept,Urgent Renewal
140,47,signalling,09-06-2025,26-10-2025,pending renewal,Signalling Dept,OK
141,47,telecom,26-04-2025,11-03-2026,pending renewal,Telecom Dept,Check Required
142,48,rolling_stock,09-09-2025,09-04-2026,expired,Telecom Dept,Check Required
143,48,signalling,19-06-2025,25-10-2025,pending renewal,Telecom Dept,OK
144,48,telecom,20-06-2025,06-04-2026,expired,Signalling Dept,OK
145,49,rolling_stock,26-04-2025,20-01-2026,expired,Signalling Dept,Urgent Renewal
146,49,signalling,29-05-2025,19-09-2026,expired,Signalling Dept,Urgent Renewal
147,49,telecom,13-05-2025,09-02-2026,pending renewal,Rolling Stock Dept,Check Required
148,50,rolling_stock,23-07-2025,11-09-2026,expired,Signalling Dept,Urgent Renewal
149,50,signalling,07-05-2025,26-11-2025,pending renewal,Rolling Stock Dept,Urgent Renewal
150,50,telecom,23-09-2025,04-04-2026,pending renewal,Rolling Stock Dept,Check Required
151,51,rolling_stock,04-04-2025,18-07-2026,valid,Signalling Dept,Check Required
152,51,signalling,27-08-2025,01-05-2026,valid,Signalling Dept,Check Required
153,51,telecom,04-04-2025,18-08-2026,expired,Signalling Dept,Check Required
154,52,rolling_stock,11-05-2025,23-12-2025,expired,Rolling Stock Dept,OK
155,52,signalling,19-07-2025,03-02-2026,pending renewal,Telecom Dept,Check Required
156,52,telecom,14-04-2025,27-12-2025,expired,Signalling Dept,Check Required
157,53,rolling_stock,30-06-2025,03-01-2026,expired,Signalling Dept,Check Required
158,53,signalling,28-08-2025,04-05-2026,pending renewal,Signalling Dept,Urgent Renewal
159,53,telecom,12-07-2025,17-10-2025,expired,Rolling Stock Dept,Check Required
160,54,rolling_stock,06-06-2025,04-01-2026,expired,Rolling Stock Dept,OK
161,54,signalling,16-08-2025,24-03-2026,pending renewal,Telecom Dept,OK
162,54,telecom,01-06-2025,03-05-2026,pending renewal,Signalling Dept,Check Required
163,55,rolling_stock,25-09-2025,12-09-2026,valid,Rolling Stock Dept,OK
164,55,signalling,20-07-2025,09-02-2026,pending renewal,Telecom Dept,Urgent Renewal
165,55,telecom,20-05-2025,18-02-2026,valid,Signalling Dept,Check Required
166,56,rolling_stock,11-08-2025,25-12-2025,expired,Rolling Stock Dept,OK
167,56,signalling,19-05-2025,29-11-2025,pending renewal,Signalling Dept,OK
168,56,telecom,29-08-2025,18-04-2026,pending renewal,Signalling Dept,Check Required
169,57,rolling_stock,18-04-2025,24-10-2025,pending renewal,Rolling Stock Dept,OK
170,57,signalling,11-07-2025,02-06-2026,expired,Rolling Stock Dept,Check Required
171,57,telecom,15-04-2025,26-01-2026,valid,Rolling Stock Dept,OK
172,58,rolling_stock,19-05-2025,15-01-2026,expired,Signalling Dept,Urgent Renewal
173,58,signalling,23-04-2025,28-05-2026,expired,Signalling Dept,OK
174,58,telecom,06-08-2025,02-04-2026,pending renewal,Telecom Dept,OK
175,59,rolling_stock,17-08-2025,10-03-2026,valid,Signalling Dept,Check Required
176,59,signalling,22-06-2025,29-01-2026,expired,Rolling Stock Dept,OK
177,59,telecom,15-08-2025,27-01-2026,pending renewal,Signalling Dept,Check Required
178,60,rolling_stock,10-05-2025,17-10-2025,expired,Telecom Dept,Urgent Renewal
179,60,signalling,13-05-2025,07-09-2026,expired,Telecom Dept,Check Required
180,60,telecom,25-09-2025,11-01-2026,pending renewal,Rolling Stock Dept,Check Required
181,61,rolling_stock,25-04-2025,27-04-2026,pending renewal,Rolling Stock Dept,OK
182,61,signalling,05-07-2025,22-03-2026,valid,Telecom Dept,Urgent Renewal
183,61,telecom,23-05-2025,24-02-2026,expired,Telecom Dept,Check Required
184,62,rolling_stock,21-09-2025,09-11-2025,pending renewal,Telecom Dept,OK
185,62,signalling,28-08-2025,24-02-2026,pending renewal,Rolling Stock Dept,OK
186,62,telecom,25-06-2025,02-04-2026,valid,Telecom Dept,Check Required
187,63,rolling_stock,09-07-2025,29-08-2026,valid,Telecom Dept,OK
188,63,signalling,26-07-2025,22-06-2026,pending renewal,Rolling Stock Dept,Check Required
189,63,telecom,11-09-2025,27-04-2026,valid,Signalling Dept,Check Required
190,64,rolling_stock,26-07-2025,17-09-2026,pending renewal,Signalling Dept,Check Required
191,64,signalling,03-05-2025,06-07-2026,expired,Telecom Dept,Urgent Renewal
192,64,telecom,05-09-2025,23-03-2026,valid,Signalling Dept,Check Required
193,65,rolling_stock,04-09-2025,19-10-2025,expired,Signalling Dept,OK
194,65,signalling,24-05-2025,03-12-2025,expired,Signalling Dept,Urgent Renewal
195,65,telecom,08-09-2025,15-02-2026,expired,Signalling Dept,OK
196,66,rolling_stock,12-05-2025,04-01-2026,pending renewal,Telecom Dept,Urgent Renewal
197,66,signalling,24-08-2025,29-07-2026,expired,Signalling Dept,Urgent Renewal
198,66,telecom,24-08-2025,17-02-2026,expired,Signalling Dept,Urgent Renewal
199,67,rolling_stock,10-04-2025,24-10-2025,expired,Rolling Stock Dept,Urgent Renewal
200,67,signalling,27-05-2025,29-11-2025,pending renewal,Telecom Dept,OK
201,67,telecom,08-05-2025,06-08-2026,expired,Rolling Stock Dept,Check Required
202,68,rolling_stock,14-08-2025,15-05-2026,expired,Rolling Stock Dept,OK
203,68,signalling,20-07-2025,30-03-2026,valid,Telecom Dept,Check Required
204,68,telecom,13-05-2025,14-03-2026,pending renewal,Signalling Dept,OK
205,69,rolling_stock,23-04-2025,16-05-2026,expired,Rolling Stock Dept,Urgent Renewal
206,69,signalling,09-06-2025,11-08-2026,valid,Telecom Dept,Urgent Renewal
207,69,telecom,02-08-2025,23-06-2026,pending renewal,Signalling Dept,Check Required
208,70,rolling_stock,10-05-2025,03-12-2025,pending renewal,Telecom Dept,Check Required
209,70,signalling,02-04-2025,20-04-2026,pending renewal,Rolling Stock Dept,OK
210,70,telecom,05-08-2025,27-07-2026,pending renewal,Signalling Dept,Check Required
211,71,rolling_stock,08-07-2025,10-01-2026,pending renewal,Signalling Dept,OK
212,71,signalling,15-06-2025,12-02-2026,pending renewal,Telecom Dept,Check Required
213,71,telecom,07-04-2025,27-10-2025,expired,Signalling Dept,Check Required
214,72,rolling_stock,12-04-2025,16-05-2026,expired,Rolling Stock Dept,Check Required
215,72,signalling,22-06-2025,05-10-2025,expired,Rolling Stock Dept,Urgent Renewal
216,72,telecom,05-06-2025,28-06-2026,expired,Rolling Stock Dept,Urgent Renewal
217,73,rolling_stock,16-05-2025,07-07-2026,valid,Telecom Dept,OK
218,73,signalling,02-06-2025,21-09-2026,expired,Signalling Dept,Check Required
219,73,telecom,26-08-2025,13-09-2026,pending renewal,Signalling Dept,OK
220,74,rolling_stock,24-07-2025,13-01-2026,expired,Signalling Dept,Check Required
221,74,signalling,30-07-2025,09-04-2026,expired,Rolling Stock Dept,Urgent Renewal
222,74,telecom,09-09-2025,13-05-2026,pending renewal,Signalling Dept,Urgent Renewal
223,75,rolling_stock,01-07-2025,09-11-2025,expired,Rolling Stock Dept,Check Required
224,75,signalling,20-09-2025,10-09-2026,expired,Signalling Dept,Check Required
225,75,telecom,28-04-2025,23-03-2026,expired,Rolling Stock Dept,Urgent Renewal
226,76,rolling_stock,07-05-2025,20-08-2026,valid,Signalling Dept,Urgent Renewal
227,76,signalling,29-07-2025,14-03-2026,expired,Telecom Dept,OK
228,76,telecom,28-04-2025,09-09-2026,pending renewal,Telecom Dept,Urgent Renewal
229,77,rolling_stock,31-07-2025,07-12-2025,pending renewal,Rolling Stock Dept,Check Required
230,77,signalling,24-09-2025,07-03-2026,expired,Rolling Stock Dept,OK
231,77,telecom,07-09-2025,21-06-2026,expired,Signalling Dept,Check Required
232,78,rolling_stock,17-04-2025,12-03-2026,expired,Signalling Dept,OK
233,78,signalling,10-09-2025,11-09-2026,pending renewal,Telecom Dept,Check Required
234,78,telecom,29-07-2025,02-05-2026,pending renewal,Signalling Dept,Urgent Renewal
235,79,rolling_stock,08-09-2025,21-03-2026,valid,Rolling Stock Dept,Check Required
236,79,signalling,17-09-2025,29-04-2026,valid,Rolling Stock Dept,OK
237,79,telecom,03-07-2025,05-03-2026,valid,Rolling Stock Dept,Check Required
238,80,rolling_stock,07-09-2025,15-07-2026,pending renewal,Rolling Stock Dept,OK
239,80,signalling,17-05-2025,09-12-2025,valid,Rolling Stock Dept,Check Required
240,80,telecom,27-07-2025,11-01-2026,expired,Telecom Dept,Urgent Renewal
241,81,rolling_stock,16-07-2025,08-05-2026,expired,Telecom Dept,Urgent Renewal
242,81,signalling,07-04-2025,10-09-2026,pending renewal,Rolling Stock Dept,Check Required
243,81,telecom,24-05-2025,17-04-2026,valid,Signalling Dept,Check Required
244,82,rolling_stock,02-08-2025,16-09-2026,expired,Rolling Stock Dept,Check Required
245,82,signalling,10-05-2025,02-01-2026,pending renewal,Telecom Dept,OK
246,82,telecom,23-08-2025,16-08-2026,valid,Rolling Stock Dept,Check Required
247,83,rolling_stock,02-05-2025,23-07-2026,expired,Telecom Dept,Check Required
248,83,signalling,01-05-2025,08-03-2026,valid,Telecom Dept,OK
249,83,telecom,27-05-2025,30-04-2026,pending renewal,Rolling Stock Dept,Urgent Renewal
250,84,rolling_stock,25-07-2025,12-07-2026,valid,Rolling Stock Dept,Check Required
251,84,signalling,27-05-2025,05-10-2025,pending renewal,Signalling Dept,Check Required
252,84,telecom,13-06-2025,09-03-2026,valid,Telecom Dept,Urgent Renewal
253,85,rolling_stock,08-08-2025,28-02-2026,expired,Signalling Dept,Urgent Renewal
254,85,signalling,01-09-2025,20-01-2026,pending renewal,Rolling Stock Dept,OK
255,85,telecom,01-09-2025,13-05-2026,pending renewal,Telecom Dept,Check Required
256,86,rolling_stock,10-04-2025,28-07-2026,pending renewal,Signalling Dept,Check Required
257,86,signalling,07-06-2025,11-08-2026,valid,Signalling Dept,OK
258,86,telecom,27-06-2025,05-09-2026,valid,Signalling Dept,Urgent Renewal
259,87,rolling_stock,09-06-2025,18-03-2026,expired,Rolling Stock Dept,OK
260,87,signalling,12-06-2025,31-05-2026,pending renewal,Rolling Stock Dept,Urgent Renewal
261,87,telecom,29-05-2025,19-05-2026,pending renewal,Rolling Stock Dept,OK
262,88,rolling_stock,12-09-2025,19-05-2026,valid,Telecom Dept,Urgent Renewal
263,88,signalling,06-04-2025,15-09-2026,valid,Rolling Stock Dept,OK
264,88,telecom,11-04-2025,22-01-2026,expired,Telecom Dept,Urgent Renewal
265,89,rolling_stock,13-04-2025,23-06-2026,expired,Signalling Dept,Urgent Renewal
266,89,signalling,31-08-2025,04-06-2026,valid,Signalling Dept,Urgent Renewal
267,89,telecom,10-09-2025,30-12-2025,pending renewal,Rolling Stock Dept,Urgent Renewal
268,90,rolling_stock,14-06-2025,07-09-2026,expired,Signalling Dept,Urgent Renewal
269,90,signalling,01-07-2025,17-11-2025,valid,Rolling Stock Dept,Check Required
270,90,telecom,29-08-2025,27-02-2026,valid,Telecom Dept,Urgent Renewal
271,91,rolling_stock,24-07-2025,25-06-2026,pending renewal,Signalling Dept,Check Required
272,91,signalling,07-08-2025,09-09-2026,valid,Rolling Stock Dept,Urgent Renewal
273,91,telecom,08-08-2025,25-08-2026,valid,Signalling Dept,Check Required
274,92,rolling_stock,11-05-2025,18-08-2026,expired,Signalling Dept,Check Required
275,92,signalling,03-06-2025,25-03-2026,valid,Rolling Stock Dept,OK
276,92,telecom,21-08-2025,21-11-2025,valid,Signalling Dept,Urgent Renewal
277,93,rolling_stock,09-06-2025,02-02-2026,expired,Signalling Dept,OK
278,93,signalling,10-08-2025,14-09-2026,pending renewal,Signalling Dept,OK
279,93,telecom,16-07-2025,12-03-2026,pending renewal,Signalling Dept,Urgent Renewal
280,94,rolling_stock,30-05-2025,28-01-2026,expired,Telecom Dept,OK
281,94,signalling,24-07-2025,14-01-2026,expired,Signalling Dept,Urgent Renewal
282,94,telecom,06-09-2025,19-12-2025,pending renewal,Signalling Dept,OK
283,95,rolling_stock,04-06-2025,17-10-2025,pending renewal,Rolling Stock Dept,Urgent Renewal
284,95,signalling,08-05-2025,28-10-2025,pending renewal,Telecom Dept,Urgent Renewal
285,95,telecom,31-08-2025,07-02-2026,pending renewal,Rolling Stock Dept,Urgent Renewal
286,96,rolling_stock,13-09-2025,05-06-2026,pending renewal,Rolling Stock Dept,Check Required
287,96,signalling,12-04-2025,13-08-2026,expired,Rolling Stock Dept,OK
288,96,telecom,10-05-2025,11-11-2025,valid,Telecom Dept,Check Required
289,97,rolling_stock,22-09-2025,26-05-2026,pending renewal,Rolling Stock Dept,OK
290,97,signalling,02-09-2025,05-05-2026,pending renewal,Rolling Stock Dept,OK
291,97,telecom,27-07-2025,23-08-2026,valid,Rolling Stock Dept,OK
292,98,rolling_stock,14-08-2025,26-07-2026,valid,Signalling Dept,Check Required
293,98,signalling,13-06-2025,12-01-2026,valid,Rolling Stock Dept,OK
294,98,telecom,24-05-2025,19-04-2026,valid,Telecom Dept,Check Required
295,99,rolling_stock,25-05-2025,15-06-2026,valid,Telecom Dept,Urgent Renewal
296,99,signalling,02-08-2025,27-04-2026,valid,Signalling Dept,OK
297,99,telecom,15-06-2025,06-02-2026,expired,Telecom Dept,OK
298,100,rolling_stock,10-09-2025,19-12-2025,valid,Telecom Dept,Urgent Renewal
299,100,signalling,14-08-2025,05-09-2026,valid,Signalling Dept,Urgent Renewal
300,100,telecom,20-06-2025,22-09-2026,expired,Rolling Stock Dept,OK
